imageName,blue,green,red,location,flowerShape
image_20190802_003402_8353927689729243717.jpg,0.3439410430839002,0.34783673469387755,0.35416326530612247,안동,0.8
